"Name","Screen name","Party","Constituency","Followers","New followers in last 24 hours"
"Zarah Sultana","@zarahsultana","Labour","Coventry South",254330,87
"Yvonne Fovargue ","@Y_FovargueMP","Labour","Makerfield",14182,3
"Yvette Cooper ","@YvetteCooperMP","Labour","Normanton, Pontefract and Castleford",375461,100
"Yasmin Qureshi ","@YasminQureshiMP","Labour","Bolton South East",25430,-1
"William Wragg ","@William_Wragg","Conservative","Hazel Grove",19363,-2
"William Cash ","@BillCashMP","Conservative","Stone",20520,1
"Will Quince ","@willquince","Conservative","Colchester",20648,3
"Wes Streeting ","@wesstreeting","Labour","Ilford North",133965,60
"Wera Hobhouse","@Wera_Hobhouse","Liberal Democrat","Bath",23735,6
"Wendy Morton ","@morton_wendy","Conservative","Aldridge-Brownhills",18985,-2
"Wendy Chamberlain","@wendychambLD","Liberal Democrat","North East Fife",7733,5
"Wayne David ","@WayneDavid_MP","Labour","Caerphilly",15228,9
"Virendra Sharma ","@VirendraSharma","Labour","Ealing, Southall",20311,0
"Victoria Prentis ","@VictoriaPrentis","Conservative","Banbury",13952,3
"Vicky Foxcroft ","@vickyfoxcroft","Labour","Lewisham, Deptford",22758,9
"Vicky Ford","@vickyford","Conservative","Chelmsford",38623,15
"Valerie Vaz ","@Valerie_VazMP","Labour","Walsall South",8445,2
"Tulip Siddiq ","@TulipSiddiq","Labour","Hampstead and Kilburn",195126,9
"Tracy Brabin ","@TracyBrabin","Labour","Batley and Spen",67627,9
"Tracey Crouch ","@tracey_crouch","Conservative","Chatham and Aylesford",41361,1
"Tony Lloyd","@tony4rochdale","Labour","Rochdale",9446,2
"Tonia Antoniazzi","@ToniaAntoniazzi","Labour","Gower",17923,1
"Tommy Sheppard ","@TommySheppard","Scottish National Party","Edinburgh East",38726,3
"Tom Tugendhat ","@TomTugendhat","Conservative","Tonbridge and Malling",115618,16
"Tom Randall","@Tom_Randall","Conservative","Gedling",4884,10
"Tom Pursglove ","@VotePursglove","Conservative","Corby",14454,6
"Tom Hunt","@tomhunt1988","Conservative","Ipswich",13348,1
"Toby Perkins ","@tobyperkinsmp","Labour","Chesterfield",29737,3
"Tobias Ellwood","@Tobias_Ellwood","Conservative","Bournemouth East",85788,548
"Tim Loughton ","@timloughton","Conservative","East Worthing and Shoreham",22346,6
"Tim Farron","@timfarron","Liberal Democrat","Westmorland and Lonsdale",288301,29
"Theresa May ","@theresa_may","Conservative","Maidenhead",1009875,5
"Theo Clarke","@theodoraclarke","Conservative","Stafford",8910,-2
"Thangam Debbonaire ","@ThangamMP","Labour","Bristol West",36228,9
"Tanmanjit Singh Dhesi","@TanDhesi","Labour","Slough",97746,24
"Taiwo Owatemi","@TaiwoOwatemi","Labour","Coventry North West",21327,4
"Tahir Ali","@TahirAliMP","Labour","Birmingham, Hall Green",3663,0
"Suzanne Webb","@Q66Suzi","Conservative","Stourbridge",5168,7
"Suella Fernandes ","@SuellaBraverman","Conservative","Fareham",33046,112
"Stuart Paul Anderson","@Stuart4WolvesSW","Conservative","Wolverhampton South West",7760,-4
"Stuart C. McDonald ","@Stuart_McDonald","Scottish National Party","Cumbernauld, Kilsyth and Kirkintilloch East",13672,0
"Stuart Andrew","@StuartAndrew","Conservative","Pudsey",20291,-2
"Stewart Malcolm McDonald ","@StewartMcDonald","Scottish National Party","Glasgow South",38192,5
"Stewart Hosie ","@StewartHosieSNP","Scottish National Party","Dundee East",28508,5
"Steven Bonnar","@StevenBonnarSNP","Scottish National Party","Coatbridge, Chryston and Bellshill",4046,-1
"Steven Baker ","@SteveBakerHW","Conservative","Wycombe",154572,30
"Steve Reed ","@SteveReedMP","Labour","Croydon North",36432,4
"Steve McCabe ","@steve_mccabe","Labour","Birmingham, Selly Oak",19050,-2
"Steve Double ","@stevedouble","Conservative","St Austell and Newquay",14526,-3
"Steve Brine","@BrineMP","Conservative","Winchester",12113,1
"Stephen Timms ","@stephenctimms","Labour","East Ham",19362,3
"Stephen Morgan","@StephenMorganMP","Labour","Portsmouth South",16719,6
"Stephen Metcalfe ","@Metcalfe_SBET","Conservative","South Basildon and East Thurrock",7730,1
"Stephen McPartland ","@SMcPartland","Conservative","Stevenage",16521,-3
"Stephen Kinnock ","@SKinnock","Labour","Aberavon",37105,-2
"Stephen Hammond","@S_Hammond","Conservative","Wimbledon",20284,-4
"Stephen Flynn","@StephenFlynnSNP","Scottish National Party","Aberdeen South",10224,7
"Stephen Farry","@StephenFarryMP","Alliance Party of Northern Ireland","North Down",17242,7
"Stephen Doughty ","@SDoughtyMP","Labour","Cardiff South and Penarth",36595,-2
"Stephen Crabb ","@SCrabbPembs","Conservative","Preseli Pembrokeshire",22729,0
"Stephen Barclay ","@SteveBarclay","Conservative","North East Cambridgeshire",37971,0
"Stephanie Peacock","@Steph_Peacock","Labour","Barnsley East",10738,7
"Stella Creasy ","@stellacreasy","Labour","Walthamstow",156673,628
"Siobhan Baillie","@Siobhan_Baillie","Conservative","Stroud",13159,-7
"Siobhain McDonagh","@Siobhain_Mc","Labour","Mitcham and Morden",22437,-2
"Simon Jupp","@simonjamesjupp","Conservative","East Devon",8397,1
"Simon Hoare ","@Simon4NDorset","Conservative","North Dorset",22140,2
"Simon Hart ","@Simonhartmp","Conservative","Carmarthen West and South Pembrokeshire",11310,-4
"Simon Fell","@simonfell","Conservative","Barrow and Furness",4771,-2
"Simon Clarke","@SimonClarkeMP","Conservative","Middlesbrough South and East Cleveland",20404,18
"Simon Baynes","@baynes_simon","Conservative","Clwyd South",4824,1
"Sheryll Murray ","@sheryllmurray","Conservative","South East Cornwall",18742,3
"Shaun Bailey","@Shaun4WBW","Conservative","West Bromwich West",4538,1
"Sharon Hodgson ","@SharonHodgsonMP","Labour","Washington and Sunderland West",34862,3
"Shailesh Vara","@ShaileshVara","Conservative","North West Cambridgeshire",4538,1
"Shabana Mahmood ","@ShabanaMahmood","Labour","Birmingham, Ladywood",25821,3
"Selaine Saxby","@SelaineSaxby","Conservative","North Devon",4892,5
"Seema Malhotra ","@SeemaMalhotra1","Labour","Feltham and Heston",26008,6
"Scott Mann ","@scottmann4NC","Conservative","North Cornwall",9158,4
"Scott Lloyd Benton","@ScottBentonMP","Conservative","Blackpool South",7601,13
"Sarah Owen","@SarahOwen_","Labour","Luton North",22421,3
"Sarah Olney","@sarahjolney1","Liberal Democrat","Richmond Park",18037,0
"Sarah Jones","@LabourSJ","Labour","Croydon Central",23418,3
"Sarah Green","@SarahGreenLD","Liberal Democrat","Chesham and Amersham",10726,1
"Sarah Dines","@Dines4Dales","Conservative","Derbyshire Dales",1954,1
"Sarah Champion ","@SarahChampionMP","Labour","Rotherham",50449,-3
"Sara Britcliffe","@SarBritcliffeMP","Conservative","Hyndburn",6665,1
"Saqib Bhatti","@bhatti_saqib","Conservative","Meriden",8030,4
"Sammy Wilson ","@eastantrimmp","Democratic Unionist Party","East Antrim",23828,-5
"Sam Tarry","@SamTarry","Labour","Ilford South",22369,-1
"Sally-Ann Hart","@SallyAnn1066","Conservative","Hastings and Rye",4797,3
"Sajid Javid ","@sajidjavid","Conservative","Bromsgrove",286226,3
"Ruth Jones","@RuthNewportWest","Labour","Newport West",7571,8
"Ruth Edwards","@RuthEdwardsMP","Conservative","Rushcliffe",4431,3
"Ruth Cadbury ","@RuthCadbury","Labour","Brentford and Isleworth",23537,-2
"Rushanara Ali ","@rushanaraali","Labour","Bethnal Green and Bow",47236,-4
"Royston Smith ","@Royston_Smith","Conservative","Southampton, Itchen",8342,-2
"Rosie Duffield","@RosieDuffield1","Labour","Canterbury",48604,86
"Rosie Cooper ","@rosie4westlancs","Labour","West Lancashire",14853,-3
"Ronnie Cowan ","@ronniecowan","Scottish National Party","Inverclyde",13537,0
"Roger Gale","@SirRogerGale","Conservative","North Thanet",12251,-6
"Robin Walker ","@WalkerWorcester","Conservative","Worcester",16415,4
"Robin John Millar","@RobinMillarMP","Conservative","Aberconwy",3859,-3
"Robert Syms ","@RobertSyms","Conservative","Poole",13244,1
"Robert Neill ","@neill_bob","Conservative","Bromley and Chislehurst",18873,15
"Robert Largan","@robertlargan","Conservative","High Peak",7199,-3
"Robert Jenrick ","@RobertJenrick","Conservative","Newark",55660,-6
"Robert Halfon ","@halfon4harlowMP","Conservative","Harlow",37647,4
"Robert Courts ","@robertcourts","Conservative","Witney",10349,-2
"Robert Buckland ","@RobertBuckland","Conservative","South Swindon",30528,-3
"Robbie Moore","@_RobbieMoore","Conservative","Keighley",6395,5
"Rob Butler","@AylesburyTories","Conservative","Aylesbury",1051,0
"Rishi Sunak","@RishiSunak","Conservative","Richmond (Yorks)",513783,8
"Richard Holden","@RicHolden","Conservative","North West Durham",10307,9
"Richard Graham ","@RichardGrahamUK","Conservative","Gloucester",13247,-3
"Richard Gordon Thomson","@RThomsonMP","Scottish National Party","Gordon",3665,43
"Richard Burgon ","@RichardBurgon","Labour","Leeds East",172796,37
"Richard Bacon","@richardbaconmp","Conservative","South Norfolk",1853,1
"Rehman Chishti ","@Rehman_Chishti","Conservative","Gillingham and Rainham",20040,5
"Rebecca Pow ","@pow_rebecca","Conservative","Taunton Deane",15229,-3
"Rebecca Long-Bailey","@RLong_Bailey","Labour","Salford and Eccles",192598,2
"Rebecca Harris ","@RebeccaHarrisMP","Conservative","Castle Point",7365,4
"Ranil Jayawardena ","@TeamRanil","Conservative","North East Hampshire",2185,1
"Rachel Reeves ","@RachelReevesMP","Labour","Leeds West",136762,126
"Rachel Maclean","@redditchrachel","Conservative","Redditch",12642,1
"Rachel Hopkins","@rach_hopkins","Labour","Luton South",9290,3
"Rachael Maskell ","@RachaelMaskell","Labour","York Central",34916,3
"Priti Patel ","@pritipatel","Conservative","Witham",399830,75
"Preet Gill","@PreetKGillMP","Labour","Birmingham, Edgbaston",41242,3
"Philip Dunne","@Dunne4Ludlow","Conservative","Ludlow",12765,-4
"Philip Davies ","@PhilipDaviesUK","Conservative","Shipley",21648,0
"Peter Kyle ","@peterkyle","Labour","Hove",51704,14
"Peter Grant ","@PeterGrantMP","Scottish National Party","Glenrothes",16739,1
"Peter Gibson","@Gibbo4Darlo","Conservative","Darlington",4128,2
"Peter Dowd ","@Peter_Dowd","Labour","Bootle",18415,5
"Peter Bottomley","@PBottomleyMP","Conservative","Worthing West",5794,4
"Peter Bone ","@PeterBoneUK","Conservative","Wellingborough",44310,-12
"Peter Aldous ","@peter_aldous","Conservative","Waveney",14109,0
"Pete Wishart ","@PeteWishart","Scottish National Party","Perth and North Perthshire",56693,9
"Penny Mordaunt ","@PennyMordaunt","Conservative","Portsmouth North",95513,27
"Pauline Latham ","@Pauline_Latham","Conservative","Mid Derbyshire",21744,0
"Paula Barker","@PaulaBarkerMP","Labour","Liverpool, Wavertree",16334,-1
"Paul Scully ","@scullyp","Conservative","Sutton and Cheam",16868,-3
"Paul Maynard ","@PaulMaynardUK","Conservative","Blackpool North and Cleveleys",19256,3
"Paul Maskey ","@PaulMaskeyMP","Sinn Féin","Belfast West",20272,-2
"Paul Howell","@PaulHowellMP","Conservative","Sedgefield",3563,1
"Paul Holmes","@pauljholmes","Conservative","Eastleigh",7816,6
"Paul Girvan","@PaulGirvanMP","Democratic Unionist Party","South Antrim",6546,-1
"Paul Bristow","@paulbristow79","Conservative","Peterborough",10158,9
"Paul Blomfield ","@PaulBlomfieldMP","Labour","Sheffield Central",22527,2
"Patrick Grady ","@GradySNP","Scottish National Party","Glasgow North",17073,-1
"Patricia Gibson ","@PGibsonSNP","Scottish National Party","North Ayrshire and Arran",13360,0
"Pat McFadden ","@patmcfaddenmp","Labour","Wolverhampton South East",28204,4
"Owen Thompson ","@OwenThompson","Scottish National Party","Midlothian",8268,-1
"Órfhlaith Begley","@OrfhlaithBegley","Sinn Féin","West Tyrone",8593,6
"Olivia Frances Blake","@_OliviaBlake","Labour","Sheffield, Hallam",17677,1
"Oliver Heald QC ","@OliverHealdUK","Conservative","North East Hertfordshire",11995,-1
"Oliver Dowden","@OliverDowden","Conservative","Hertsmere",42738,6
"Nusrat Ghani ","@Nus_Ghani","Conservative","Wealden",29009,-4
"Nigel Mills ","@nigelmills","Conservative","Amber Valley",6524,-2
"Nigel Huddleston ","@HuddlestonNigel","Conservative","Mid Worcestershire",18556,12
"Nigel Evans","@nigelmp","Conservative","Ribble Valley",13699,2
"Nigel Adams","@nadams","Conservative","Selby and Ainsty",14452,4
"Nicola Faye Richards","@Nicola4WBE","Conservative","West Bromwich East",9108,4
"Nickie Aiken","@twocitiesnickie","Conservative","Cities of London and Westminster",4829,66
"Nick Thomas-Symonds ","@NickTorfaen","Labour","Torfaen",34672,1
"Nick Smith ","@BlaenauGwentMP","Labour","Blaenau Gwent",10929,2
"Nick Gibb","@NickGibbUK","Conservative","Bognor Regis and Littlehampton",18624,-3
"Nicholas Fletcher","@NickFletcherMP","Conservative","Don Valley",4225,3
"Nia Griffith ","@NiaGriffithMP","Labour","Llanelli",18827,4
"Neil Parish ","@neil_parish","Conservative","Tiverton and Honiton",8315,14
"Neil O'Brien","@NeilDotObrien","Conservative","Harborough",33920,2
"Neil Hudson","@DrNeilHudson","Conservative","Penrith and The Border",4481,0
"Neil Coyle ","@coyleneil","Labour","Bermondsey and Old Southwark",28881,2
"Neale Hanvey","@JNHanvey","Scottish National Party","Kirkcaldy and Cowdenbeath",8809,3
"Naz Shah ","@NazShahBfd","Labour","Bradford West",59074,-4
"Nav Mishra","@NavPMishra","Labour","Stockport",12691,8
"Natalie Elphicke","@NatalieElphicke","Conservative","Dover",7606,3
"Nadine Dorries ","@NadineDorries","Conservative","Mid Bedfordshire",130315,71
"Nadia Whittome","@NadiaWhittomeMP","Labour","Nottingham East",103705,52
"Nadhim Zahawi ","@nadhimzahawi","Conservative","Stratford-on-Avon",87703,24
"Munira Wilson","@munirawilson","Liberal Democrat","Twickenham",17026,6
"Mohammad Yasin","@YasinForBedford","Labour","Bedford",3314,1
"Mims Davies ","@mimsdavies","Conservative","Mid Sussex",17446,-4
"Mike Wood ","@mikejwood","Conservative","Dudley South",7664,0
"Mike Kane ","@MikeKaneMP","Labour","Wythenshawe and Sale East",12348,2
"Mike Amesbury","@MikeAmesburyMP","Labour","Weaver Vale",12177,0
"Mickey Brady ","@MickeyBradySF","Sinn Féin","Newry and Armagh",5372,0
"Mick Whitley","@MickWhitleyMP","Labour","Birkenhead",12858,2
"Michelle Gildernew","@gildernewm","Sinn Féin","Fermanagh and South Tyrone",20820,8
"Michelle Donelan ","@michelledonelan","Conservative","Chippenham",21879,-3
"Michael Tomlinson ","@Michael4MDNP","Conservative","Mid Dorset and North Poole",10857,-1
"Michael Gove ","@michaelgove","Conservative","Surrey Heath",239407,7
"Michael Fabricant ","@Mike_Fabricant","Conservative","Lichfield",52465,35
"Michael Ellis ","@Michael_Ellis1","Conservative","Northampton North",14709,-5
"Mhairi Black ","@MhairiBlack","Scottish National Party","Paisley and Renfrewshire South",225334,457
"Mel Stride","@MelJStride","Conservative","Central Devon",6585,-2
"Meg Hillier ","@Meg_HillierMP","Labour","Hackney South and Shoreditch",20883,4
"Matthew Pennycook ","@mtpennycook","Labour","Greenwich and Woolwich",23961,1
"Matthew Offord","@Offord4Hendon","Conservative","Hendon",10642,-1
"Matthew Hancock ","@MattHancock","Conservative","West Suffolk",424715,-48
"Matt Western","@MattWestern_","Labour","Warwick and Leamington",12095,8
"Matt Warman ","@mattwarman","Conservative","Boston and Skegness",19957,-4
"Matt Vickers","@Matt_VickersMP","Conservative","Stockton South",7092,9
"Matt Rodda","@MattRodda","Labour","Reading East",7414,3
"Mary Robinson ","@MaryRobinson01","Conservative","Cheadle",10621,5
"Mary Glindon","@GlindonMary","Labour","North Tyneside",1286,0
"Mary Foy","@marykfoy","Labour","City of Durham",15947,3
"Martyn Day ","@MartynDaySNP","Scottish National Party","Linlithgow and East Falkirk",11326,-1
"Martin Vickers ","@MartinVickers","Conservative","Cleethorpes",13015,-2
"Martin Docherty-Hughes","@MartinJDocherty","Scottish National Party","West Dunbartonshire",14223,0
"Marsha de Cordova","@MarshadeCordova","Labour","Battersea",40700,-7
"Mark Tami ","@MarkTamiMP","Labour","Alyn and Deeside",10222,-1
"Mark Spencer ","@Mark_Spencer","Conservative","Sherwood",21560,3
"Mark Pritchard ","@MPritchardUK","Conservative","The Wrekin",11739,3
"Mark Pawsey ","@MarkPawsey","Conservative","Rugby",8116,-1
"Mark Jenkinson","@markjenkinsonmp","Conservative","Workington",10656,23
"Mark Hendrick","@MpHendrick","Labour","Preston",5878,-1
"Mark Harper ","@Mark_J_Harper","Conservative","Forest of Dean",48710,5
"Mark Garnier ","@Mark4WyreForest","Conservative","Wyre Forest",16470,11
"Mark Eastwood","@mark4dewsbury","Conservative","Dewsbury",5362,-2
"Marion Fellows ","@marionfellows","Scottish National Party","Motherwell and Wishaw",12217,1
"Marie Rimmer ","@MarieRimmer","Labour","St Helens South and Whiston",13790,-3
"Maria Miller ","@MariaMillerUK","Conservative","Basingstoke",21529,1
"Maria Eagle ","@meaglemp","Labour","Garston and Halewood",48187,-2
"Maria Caulfield ","@mariacaulfield","Conservative","Lewes",23223,-6
"Margaret Hodge ","@margarethodge","Labour","Barking",54271,8
"Margaret Greenwood ","@MGreenwoodWW","Labour","Wirral West",22376,-1
"Margaret Ferrier ","@MargaretFerrier","Independent","Rutherglen and Hamilton West",16004,-1
"Marcus Jones ","@Marcus4Nuneaton","Conservative","Nuneaton",10230,-1
"Marcus Fysh ","@MarcusFysh","Conservative","Yeovil",25995,-9
"Marco Longhi","@marcolonghi4dn","Conservative","Dudley North",4747,1
"Maggie Throup ","@maggie_erewash","Conservative","Erewash",3695,-2
"Lyn Brown ","@lynbrownmp","Labour","West Ham",14630,3
"Luke Pollard","@LukePollard","Labour","Plymouth, Sutton and Devonport",42612,12
"Luke Hall ","@LukeHall","Conservative","Thornbury and Yate",5594,0
"Luke Evans","@drlukeevans","Conservative","Bosworth",9771,7
"Lucy Powell ","@LucyMPowell","Labour","Manchester Central",63840,9
"Lucy Frazer ","@lucyfrazermp","Conservative","South East Cambridgeshire",10134,-2
"Lucy Allan ","@lucyallan","Conservative","Telford",31342,-1
"Louise Haigh ","@LouHaigh","Labour","Sheffield, Heeley",54600,1
"Lloyd Russell-Moyle","@lloyd_rm","Labour","Brighton, Kemptown",31956,-2
"Liz Twist","@LizTwistMP","Labour","Blaydon",4695,1
"Liz Saville Roberts ","@LSRPlaid","Plaid Cymru","Dwyfor Meirionnydd",20922,0
"Liz Kendall ","@leicesterliz","Labour","Leicester West",96568,1
"Lisa Nandy ","@lisanandy","Labour","Wigan",261372,113
"Lisa Cameron","@DrLisaCameronMP","Scottish National Party","East Kilbride, Strathaven and Lesmahagow",14570,0
"Lindsay Hoyle","@LindsayHoyle_MP","Speaker","Chorley",41570,-4
"Lilian Greenwood ","@LilianGreenwood","Labour","Nottingham South",30437,-2
"Liam Byrne ","@liambyrnemp","Labour","Birmingham, Hodge Hill",38466,1
"Lia Nici","@lia_nici","Conservative","Great Grimsby",4347,5
"Leo Docherty","@LeoDochertyUK","Conservative","Aldershot",8232,1
"Lee Benjamin Rowley","@Lee4NED","Conservative","North East Derbyshire",10549,0
"Layla Moran","@LaylaMoran","Liberal Democrat","Oxford West and Abingdon",78206,14
"Laurence Robertson ","@lrobertsonTewks","Conservative","Tewkesbury",4869,4
"Laura Farris","@Laura__Farris","Conservative","Newbury",7674,-2
"Kwasi Kwarteng ","@KwasiKwarteng","Conservative","Spelthorne",35662,-1
"Kit Malthouse ","@kitmalthouse","Conservative","North West Hampshire",18423,-2
"Kirsty Blackman ","@KirstySNP","Scottish National Party","Aberdeen North",27413,10
"Kirsten Oswald ","@kirstenoswald","Scottish National Party","East Renfrewshire",16505,3
"Kim Johnson","@KimJohnsonMP","Labour","Liverpool, Riverside",17595,13
"Kieran John Mullan","@KieranMullanUK","Conservative","Crewe and Nantwich",4802,3
"Khalid Mahmood","@khalid4PB","Labour","Birmingham, Perry Barr",7226,3
"Kevin Hollinrake ","@kevinhollinrake","Conservative","Thirsk and Malton",12630,-1
"Kevin Foster ","@kevin_j_foster","Conservative","Torbay",8745,2
"Kevin Brennan ","@KevinBrennanMP","Labour","Cardiff West",26515,-1
"Kevan Jones ","@KevanJonesMP","Labour","North Durham",23581,1
"Kerry McCarthy ","@KerryMP","Labour","Bristol East",32861,0
"Kenny MacAskill","@KennyMacAskill","Scottish National Party","East Lothian",19899,-2
"Kemi Badenoch","@KemiBadenoch","Conservative","Saffron Walden",48732,-6
"Kelly Tolhurst ","@KellyTolhurst","Conservative","Rochester and Strood",15517,-1
"Keir Starmer ","@Keir_Starmer","Labour","Holborn and St Pancras",1234944,198
"Katherine Fletcher","@K_Fletcher_MP","Conservative","South Ribble",4936,1
"Kate Osborne","@KateOsborneMP","Labour","Jarrow",15767,30
"Kate Osamor ","@KateOsamor","Labour","Edmonton",35841,-11
"Kate Hollern ","@Kate_HollernMP","Labour","Blackburn",10300,0
"Kate Green ","@KateGreenSU","Labour","Stretford and Urmston",50986,3
"Karl Turner ","@KarlTurnerMP","Labour","Kingston upon Hull East",43657,26
"Karl McCartney ","@karlmccartney","Conservative","Lincoln",11597,0
"Karin Smyth ","@karinsmyth","Labour","Bristol South",14676,2
"Karen Buck ","@KarenPBuckMP","Labour","Westminster North",18866,1
"Justin Tomlinson ","@JustinTomlinson","Conservative","North Swindon",21206,0
"Justin Madders ","@justinmadders","Labour","Ellesmere Port and Neston",30418,2
"Julie Marson","@JulieMarsonMP","Conservative","Hertford and Stortford",4876,5
"Julie Elliott ","@JulieElliottMP","Labour","Sunderland Central",22190,-1
"Julian Sturdy","@JulianSturdy","Conservative","York Outer",3295,3
"Julian Smith ","@JulianSmithUK","Conservative","Skipton and Ripon",37636,-8
"Julian Knight ","@julianknight15","Conservative","Solihull",13409,0
"Julia Lopez","@JuliaLopezMP","Conservative","Hornchurch and Upminster",8097,0
"Judith Cummins ","@JudithCummins","Labour","Bradford South",15452,-1
"Joy Morrissey","@joymorrissey","Conservative","Beaconsfield",18740,-2
"Jonathan Reynolds ","@jreynoldsMP","Labour","Stalybridge and Hyde",54085,13
"Jonathan Lord","@JonathanLord","Conservative","Woking",3135,-2
"Jonathan Djanogly ","@JDjanogly","Conservative","Huntingdon",19626,-5
"Jonathan Ashworth ","@JonAshworth","Labour","Leicester South",115960,30
"Jon Trickett ","@jon_trickett","Labour","Hemsworth",92829,30
"Jon Cruddas ","@JonCruddas_1","Labour","Dagenham and Rainham",21825,5
"Johnny Mercer ","@JohnnyMercerUK","Conservative","Plymouth, Moor View",118002,19
"Johnny McNally","@JohnMcNallySNP","Scottish National Party","Falkirk",9533,0
"John Whittingdale ","@JWhittingdale","Conservative","Maldon",9112,-3
"John Stevenson ","@John4Carlisle","Conservative","Carlisle",14264,-3
"John Spellar ","@spellar","Labour","Warley",12005,2
"John Redwood ","@johnredwood","Conservative","Wokingham",134810,117
"John Penrose ","@JohnPenroseNews","Conservative","Weston-super-Mare",37453,0
"John Nicolson ","@MrJohnNicolson","Scottish National Party","Ochil and South Perthshire",45478,26
"John McDonnell ","@johnmcdonnellMP","Labour","Hayes and Harlington",310252,5
"John Lamont","@John2Win","Conservative","Berwickshire, Roxburgh and Selkirk",12130,1
"John Howell ","@JHowellUK","Conservative","Henley",8408,3
"John Healey ","@JohnHealey_MP","Labour","Wentworth and Dearne",32666,0
"John Glen ","@JohnGlenUK","Conservative","Salisbury",24597,1
"John Finucane","@johnfinucane","Sinn Féin","Belfast North",36347,51
"John Cryer","@JohnCryerMP","Labour","Leyton and Wanstead",6840,1
"Joanna Cherry QC ","@joannaccherry","Scottish National Party","Edinburgh South West",120173,26
"Jo Stevens ","@JoStevensLabour","Labour","Cardiff Central",34721,2
"Jo Gideon","@jogideon","Conservative","Stoke-on-Trent Central",5458,13
"Jo Churchill ","@Jochurchill_MP","Conservative","Bury St Edmunds",14134,-1
"Jim Shannon ","@JimShannonMP","Democratic Unionist Party","Strangford",4393,-1
"Jim McMahon ","@JimfromOldham","Labour","Oldham West and Royton",29002,12
"Jessica Morden ","@jessicamordenmp","Labour","Newport East",15153,1
"Jesse Norman ","@Jesse_Norman","Conservative","Hereford and South Herefordshire",26881,-3
"Jess Phillips ","@jessphillips","Labour","Birmingham, Yardley",537574,146
"Jerome Mayhew","@JeromeMayhew","Conservative","Broadland",3247,1
"Jeremy Hunt ","@Jeremy_Hunt","Conservative","South West Surrey",228217,-13
"Jeremy Corbyn ","@jeremycorbyn","Independent","Islington North",2465193,-93
"Jeffrey M. Donaldson ","@J_Donaldson_MP","Democratic Unionist Party","Lagan Valley",30069,36
"Jeff Smith ","@JeffSmithetc","Labour","Manchester, Withington",11589,3
"Jason McCartney ","@JasonMcCartney","Conservative","Colne Valley",18107,3
"Janet Daby","@JanetDaby","Labour","Lewisham East",12599,3
"Jane Stevenson","@Jane_Stevenson_","Conservative","Wolverhampton North East",5869,3
"Jane Hunt","@JaneMHunt","Conservative","Loughborough",3570,0
"Jamie Stone","@Jamie4North","Liberal Democrat","Caithness, Sutherland and Easter Ross",14226,-4
"Jamie Hamilton Wallis","@JamieWallisMP","Conservative","Bridgend",8122,-6
"James Wild","@jamesowild","Conservative","North West Norfolk",3150,0
"James Sunderland","@JamesSunderl","Conservative","Bracknell",4091,0
"James Murray","@jamesmurray_ldn","Labour","Ealing North",9398,5
"James Morris","@JamesMorris","Conservative","Halesowen and Rowley Regis",9649,-1
"James Heappey ","@JSHeappey","Conservative","Wells",20300,0
"James Gray ","@JGray","Conservative","North Wiltshire",19047,-2
"James Duddridge ","@JamesDuddridge","Conservative","Rochford and Southend East",32200,-3
"James Davies","@JamesDavies","Conservative","Vale of Clwyd",6257,0
"James Daly","@JamesDalyMP","Conservative","Bury North",5997,-1
"James Cleverly ","@JamesCleverly","Conservative","Braintree",116009,40
"James Cartlidge ","@jcartlidgemp","Conservative","South Suffolk",10600,-1
"James Brokenshire ","@JBrokenshire","Conservative","Old Bexley and Sidcup",30853,-6
"Jake Berry ","@JakeBerry","Conservative","Rossendale and Darwen",20524,-5
"Jacob Young","@JacobYoungMP","Conservative","Redcar",11813,12
"Jacob Rees-Mogg ","@Jacob_Rees_Mogg","Conservative","North East Somerset",454094,96
"Jackie Doyle-Price ","@JackieDP","Conservative","Thurrock",14288,-2
"Jack Lopresti ","@JackLopresti","Conservative","Filton and Bradley Stoke",9422,2
"Jack Dromey ","@JackDromeyMP","Labour","Birmingham, Erdington",25071,-1
"Imran Nasir Ahmad Khan","@imranahmadkhan","Conservative","Wakefield",5986,1
"Imran Hussain ","@Imran_HussainMP","Labour","Bradford East",22219,-2
"Ian Murray ","@IanMurrayMP","Labour","Edinburgh South",33927,4
"Ian Mearns ","@IanMearnsMP","Labour","Gateshead",28493,-4
"Ian Lavery ","@IanLaveryMP","Labour","Wansbeck",93056,-2
"Ian Byrne","@IanByrneMP","Labour","Liverpool, West Derby",37032,232
"Ian Blackford ","@Ianblackford_MP","Scottish National Party","Ross, Skye and Lochaber",173622,196
"Iain Stewart ","@iainastewart","Conservative","Milton Keynes South",19200,5
"Iain Duncan Smith","@MPIainDS","Conservative","Chingford and Woodford Green",62044,3
"Hywel Williams ","@HywelPlaidCymru","Plaid Cymru","Arfon",10588,-2
"Huw Merriman ","@HuwMerriman","Conservative","Bexhill and Battle",20829,4
"Holly Lynch ","@HollyLynch5","Labour","Halifax",27602,10
"Hilary Benn ","@hilarybennmp","Labour","Leeds Central",170008,23
"Henry Smith ","@HenrySmithUK","Conservative","Crawley",17657,-2
"Helen Whately ","@Helen_Whately","Conservative","Faversham and Mid Kent",24848,-6
"Helen Morgan","@HelenMorganMP","Liberal Democrat","North Shropshire",14007,13
"Helen Hayes ","@helenhayes_","Labour","Dulwich and West Norwood",26398,6
"Helen Grant ","@HelenGrantMP","Conservative","Maidstone and The Weald",22760,35
"Heather Wheeler ","@HeatherWheeler","Conservative","South Derbyshire",20951,-1
"Harriett Baldwin ","@hbaldwin","Conservative","West Worcestershire",28394,-2
"Harriet Harman QC ","@HarrietHarman","Labour","Camberwell and Peckham",189254,22
"Hannah Bardell ","@HannahB4LiviMP","Scottish National Party","Livingston",26022,0
"Guy Opperman ","@GuyOpperman","Conservative","Hexham",22830,-2
"Greg Smith","@gregsmith_uk","Conservative","Buckingham",8294,1
"Greg Knight ","@GregKnight","Conservative","East Yorkshire",11802,-1
"Greg Hands ","@GregHands","Conservative","Chelsea and Fulham",45814,-3
"Greg Clark","@GregClarkMP","Conservative","Tunbridge Wells",32633,-2
"Grant Shapps ","@grantshapps","Conservative","Welwyn Hatfield",173351,-14
"Grahame Morris ","@grahamemorris","Labour","Easington",32935,1
"Graham Stuart ","@grahamstuart","Conservative","Beverley and Holderness",17881,-2
"Graham Brady","@SirGrahamBrady","Conservative","Altrincham and Sale West",23007,-5
"Gillian Keegan","@GillianKeegan","Conservative","Chichester",16253,-5
"Gill Furniss ","@GillFurnissMP","Labour","Sheffield, Brightside and Hillsborough",7497,0
"Giles Watling","@GilesWatling","Conservative","Clacton",4671,0
"Gerald Jones ","@GeraldJonesLAB","Labour","Merthyr Tydfil and Rhymney",7883,3
"Geraint Davies ","@GeraintDaviesMP","Labour","Swansea West",16305,0
"George Freeman ","@GeorgeFreemanMP","Conservative","Mid Norfolk",31466,0
"Geoffrey Cox QC ","@Geoffrey_Cox","Conservative","Torridge and West Devon",40299,-1
"Gavin Williamson ","@GavinWilliamson","Conservative","South Staffordshire",105325,0
"Gavin Robinson ","@GRobinsonDUP","Democratic Unionist Party","Belfast East",15016,3
"Gavin Newlands ","@GavNewlandsSNP","Scottish National Party","Paisley and Renfrewshire North",14692,-3
"Gary Streeter ","@garystreeterSWD","Conservative","South West Devon",5600,-2
"Gary Sambrook","@GarySambrook89","Conservative","Birmingham, Northfield",5603,2
"Gareth Thomas ","@GarethThomasMP","Labour","Harrow West",17842,3
"Gareth Davies","@GarethDavies_MP","Conservative","Grantham and Stamford",7219,-1
"Gareth Bacon","@GarethBaconMP","Conservative","Orpington",6213,5
"Gagan Mohindra","@gaganmohindra","Conservative","South West Hertfordshire",4623,0
"Francie Molloy ","@FrancieMolloy","Sinn Féin","Mid Ulster",9005,19
"Florence Eshalomi","@FloEshalomi","Labour","Vauxhall",30775,-3
"Fleur Anderson","@PutneyFleur","Labour","Putney",16591,0
"Fiona Bruce","@UK_FoRBEnvoy","Conservative","Congleton",2499,4
"Feryal Clark","@FeryalClark","Labour","Enfield North",12030,-6
"Felicity Buchan","@FelicityBuchan","Conservative","Kensington",7220,4
"Fay Alicia Jones","@JonesyFay","Conservative","Brecon and Radnorshire",7080,10
"Fabian Hamilton","@FabianLeedsNE","Labour","Leeds North East",7155,3
"Esther McVey","@EstherMcVey1","Conservative","Tatton",74736,-33
"Emma Lewell-Buck ","@EmmaLewellBuck","Labour","South Shields",27577,6
"Emma Hardy","@EmmaHardyMP","Labour","Kingston upon Hull West and Hessle",30113,65
"Emily Thornberry ","@EmilyThornberry","Labour","Islington South and Finsbury",248636,62
"Elliot Colburn","@ElliotColburn","Conservative","Carshalton and Wallington",8464,2
"Ellie Reeves","@elliereeves","Labour","Lewisham West and Penge",25519,3
"Elizabeth Truss ","@trussliz","Conservative","South West Norfolk",231516,602
"Eleanor Laing ","@eleanor4epping","Conservative","Epping Forest",13812,-1
"Edward Timpson","@edwardtimpson","Conservative","Eddisbury",6838,2
"Edward Miliband ","@Ed_Miliband","Labour","Doncaster North",781412,155
"Edward Leigh ","@EdwardLeighMP","Conservative","Gainsborough",15985,0
"Edward Davey","@EdwardJDavey","Liberal Democrat","Kingston and Surbiton",83303,18
"Eddie Hughes","@EddieHughes4WN","Conservative","Walsall North",12757,122
"Duncan Charles Baker","@duncancbaker","Conservative","North Norfolk",4458,3
"Drew Hendry ","@drewhendrySNP","Scottish National Party","Inverness, Nairn, Badenoch and Strathspey",16249,1
"Dr Thérèse Coffey ","@theresecoffey","Conservative","Suffolk Coastal",28352,-5
"Dr Rupa Huq ","@RupaHuq","Labour","Ealing Central and Acton",49416,1
"Dr Rosena Allin-Khan ","@DrRosena","Labour","Tooting",206555,7
"Dr Philippa Whitford ","@Dr_PhilippaW","Scottish National Party","Central Ayrshire",39542,4
"Dr Liam Fox ","@LiamFox","Conservative","North Somerset",105297,-12
"Dr Caroline Johnson ","@drcarolinej","Conservative","Sleaford and North Hykeham",7040,-1
"Dr Andrew Murrison ","@AWMurrison","Conservative","South West Wiltshire",16397,-6
"Dr Alan Whitehead ","@alanwhiteheadmp","Labour","Southampton, Test",8649,2
"Douglas Ross","@Douglas4Moray","Conservative","Moray",40524,0
"Douglas Chapman ","@DougChapmanSNP","Scottish National Party","Dunfermline and West Fife",15296,4
"Dominic Raab","@DominicRaab","Conservative","Esher and Walton",345301,-10
"Diane Abbott ","@HackneyAbbott","Labour","Hackney North and Stoke Newington",396425,-12
"Diana Johnson ","@DianaJohnsonMP","Labour","Kingston upon Hull North",29746,5
"Desmond Swayne ","@DesmondSwayne","Conservative","New Forest West",62036,-3
"Derek Twigg ","@DerekTwiggMP","Labour","Halton",7042,-3
"Derek Thomas ","@DerekThomasUK","Conservative","St Ives",6184,-2
"Deidre Brock ","@DeidreBrock","Scottish National Party","Edinburgh North and Leith",17158,-1
"Dehenna Davison","@DehennaDavison","Conservative","Bishop Auckland",51860,4
"Debbie Abrahams ","@Debbie_abrahams","Labour","Oldham East and Saddleworth",54136,-4
"Dean Russell","@dean4watford","Conservative","Watford",4646,-1
"Dawn Butler ","@DawnButlerBrent","Labour","Brent Central",242135,-9
"David Warburton ","@DJWarburton","Conservative","Somerton and Frome",16792,-2
"David T. C. Davies ","@DavidTCDavies","Conservative","Monmouth",16083,-1
"David Simmonds","@DSimmonds_RNP","Conservative","Ruislip, Northwood and Pinner",4221,-2
"David Rutley ","@DavidRutley","Conservative","Macclesfield",14093,-1
"David Mundell ","@DavidMundellDCT","Conservative","Dumfriesshire, Clydesdale & Tweeddale",16984,-2
"David Morris ","@davidmorrisml","Conservative","Morecambe and Lunesdale",14763,0
"David Linden","@DavidLinden","Scottish National Party","Glasgow East",13067,1
"David Lammy ","@DavidLammy","Labour","Tottenham",777514,87
"David Jones ","@DavidJonesMP","Conservative","Clwyd West",17644,-5
"David Johnston","@david4wantage","Conservative","Wantage",3029,-1
"David Evennett ","@DavidEvennettMP","Conservative","Bexleyheath and Crayford",14828,-5
"David Duguid","@david_duguid","Conservative","Banff and Buchan",6488,-2
"David Davis ","@DavidDavisMP","Conservative","Haltemprice and Howden",188626,-17
"Dave Doogan","@DaveDooganSNP","Scottish National Party","Angus",4517,17
"Darren Jones","@darrenpjones","Labour","Bristol North West",32527,5
"Darren George Henry","@DarrenG_Henry","Conservative","Broxtowe",10754,2
"Danny Kruger","@danny__kruger","Conservative","Devizes",11969,-1
"Daniel Zeichner ","@DanielZeichner","Labour","Cambridge",21592,0
"Daniel Kawczynski ","@DKShrewsbury","Conservative","Shrewsbury and Atcham",25596,1
"Dan Jarvis ","@DanJarvisMP","Labour","Barnsley Central",74738,17
"Dan Carden","@DanCardenMP","Labour","Liverpool, Walton",53273,2
"Damian Hinds","@DamianHinds","Conservative","East Hampshire",33782,-5
"Damian Green ","@DamianGreen","Conservative","Ashford",21743,-4
"Damian Collins ","@DamianCollins","Conservative","Folkestone and Hythe",30443,-3
"Daisy Cooper","@libdemdaisy","Liberal Democrat","St Albans",26898,8
"Crispin Blunt ","@CrispinBlunt","Conservative","Reigate",12575,-4
"Craig Williams ","@craig4monty","Conservative","Montgomeryshire",5552,-2
"Craig Whittaker ","@CWhittaker_MP","Conservative","Calder Valley",9887,-1
"Craig Tracey ","@craig4nwarks","Conservative","North Warwickshire",9967,4
"Craig Mackinlay ","@cmackinlay","Conservative","South Thanet",13234,-2
"Conor McGinn ","@ConorMcGinn","Labour","St Helens North",18227,0
"Conor Burns","@ConorBurnsUK","Conservative","Bournemouth West",25700,2
"Colum Eastwood","@columeastwood","Social Democratic and Labour Party","Foyle",47331,35
"Clive Lewis ","@labourlewis","Labour","Norwich South",116982,2
"Clive Efford ","@CliveEfford","Labour","Eltham",15406,0
"Claudia Webbe","@ClaudiaWebbe","Independent","Leicester East",68915,2
"Claire Hanna","@ClaireHanna","Social Democratic and Labour Party","Belfast South",41754,14
"Claire Coutinho","@ClaireCoutinho","Conservative","East Surrey",9064,-1
"Christopher Pincher ","@ChrisPincher","Conservative","Tamworth",21384,-1
"Christopher Hazzard","@ChrisHazzardSF","Sinn Féin","South Down",24879,23
"Christine Jardine","@cajardineMP","Liberal Democrat","Edinburgh West",14856,-1
"Christina Rees ","@Rees4Neath","Labour","Neath",12212,1
"Christian Wakeford","@Christian4BuryS","Labour","Bury South",12314,13
"Christian Matheson ","@ChrisM4Chester","Labour","City of Chester",15907,0
"Chris Stephens ","@ChrisStephens","Scottish National Party","Glasgow South West",17674,3
"Chris Skidmore","@CSkidmoreUK","Conservative","Kingswood",23931,-5
"Chris Philp ","@CPhilpOfficial","Conservative","Croydon South",15181,222
"Chris Loder","@chrisloder","Conservative","West Dorset",7115,-4
"Chris Law ","@ChrisLawSNP","Scottish National Party","Dundee West",19877,0
"Chris Heaton-Harris ","@chhcalling","Conservative","Daventry",25124,-1
"Chris Green","@CGreenUK","Conservative","Bolton West",15317,-1
"Chris Evans","@Chris_EvansMP","Labour","Islwyn",7489,3
"Chris Elmore ","@CPJElmore","Labour","Ogmore",14177,3
"Chris Clarkson","@ChrisClarksonMP","Conservative","Heywood and Middleton",6748,8
"Chris Bryant ","@RhonddaBryant","Labour","Rhondda",182588,360
"Chloe Smith","@NorwichChloe","Conservative","Norwich North",20363,-3
"Chi Onwurah ","@ChiOnwurah","Labour","Newcastle upon Tyne Central",46372,-3
"Cherilyn Mackrory","@thisischerilyn","Conservative","Truro and Falmouth",4101,1
"Charlotte Nichols","@charlotte2153","Labour","Warrington North",24125,3
"Charles Walker","@CharlesWalkerMP","Conservative","Broxbourne",29215,-4
"Catherine West ","@CatherineWest1","Labour","Hornsey and Wood Green",33068,3
"Catherine McKinnell ","@CatMcKinnell","Labour","Newcastle upon Tyne North",28711,2
"Cat Smith ","@CatSmithMP","Labour","Lancaster and Fleetwood",43290,3
"Carolyn Harris ","@carolynharris24","Labour","Swansea East",32156,1
"Caroline Nokes","@carolinenokes","Conservative","Romsey and Southampton North",26976,-1
"Caroline Lucas ","@CarolineLucas","Green Party","Brighton, Pavilion",570652,152
"Caroline Dinenage ","@cj_dinenage","Conservative","Gosport",22695,3
"Caroline Ansell ","@Caroline_Ansell","Conservative","Eastbourne",6122,1
"Carol Monaghan ","@CMonaghanSNP","Scottish National Party","Glasgow North West",20979,1
"Carla Lockhart","@carlalockhart","Democratic Unionist Party","Upper Bann",12387,2
"Bridget Phillipson ","@bphillipsonMP","Labour","Houghton and Sunderland South",50603,13
"Brendan O'Hara ","@BrendanOHaraMP","Scottish National Party","Argyll and Bute",15038,0
"Brendan Clarke-Smith","@Bren4Bassetlaw","Conservative","Bassetlaw",7103,43
"Brandon Lewis ","@BrandonLewis","Conservative","Great Yarmouth",61536,30
"Boris Johnson ","@BorisJohnson","Conservative","Uxbridge and South Ruislip",4454863,1722
"Bob Seely","@IoWBobSeely","Conservative","Isle of Wight",15333,4
"Bob Blackman ","@BobBlackman","Conservative","Harrow East",33333,4
"Bim Afolami","@BimAfolami","Conservative","Hitchin and Harpenden",15016,3
"Bill Esterson ","@Bill_Esterson","Labour","Sefton Central",39240,6
"Beth Winter","@BethWinterMP","Labour","Cynon Valley",11913,13
"Bernard Jenkin ","@bernardjenkin","Conservative","Harwich and North Essex",37952,-1
"Ben Wallace ","@BWallaceMP","Conservative","Wyre and Preston North",53581,31
"Ben Spencer","@DrBenSpencer","Conservative","Runnymede and Weybridge",7528,9
"Ben Lake","@BenMLake","Plaid Cymru","Ceredigion",8624,0
"Ben Everitt","@Ben_Everitt","Conservative","Milton Keynes North",8794,4
"Ben Bradshaw ","@BenPBradshaw","Labour","Exeter",78311,51
"Ben Bradley","@BBradley_Mans","Conservative","Mansfield",34214,-1
"Bell Ribeiro-Addy","@BellRibeiroAddy","Labour","Streatham",61294,8
"Barry Sheerman ","@BarrySheerman","Labour","Huddersfield",23797,-5
"Barry Gardiner ","@BarryGardiner","Labour","Brent North",94323,3
"Barbara Keeley ","@KeeleyMP","Labour","Worsley and Eccles South",27236,4
"Bambos Charalambous","@Bambos_MP","Labour","Enfield, Southgate",11816,1
"Apsana Begum","@ApsanaBegumMP","Labour","Poplar and Limehouse",37875,3
"Anum Qaisar","@AnumSNP","Scottish National Party","Airdrie and Shotts",20542,6
"Antony Higginbotham","@antony_hig","Conservative","Burnley",4176,0
"Anthony Mangnall","@AnthonyMangnal1","Conservative","Totnes",9234,-3
"Anthony Browne","@ab4scambs","Conservative","South Cambridgeshire",5518,6
"Anneliese Dodds","@AnnelieseDodds","Labour","Oxford East",76801,218
"Anne-Marie Trevelyan ","@annietrev","Conservative","Berwick-upon-Tweed",31265,-1
"Anne McLaughlin ","@AnneMcLaughlin","Scottish National Party","Glasgow North East",14026,2
"Anne Marie Morris ","@AnneMarieMorris","Conservative","Newton Abbot",22014,7
"Anna McMorrin","@AnnaMcMorrin","Labour","Cardiff North",18291,11
"Anna Firth","@Anna_Firth","Conservative","Southend West",11043,7
"Angus MacNeil ","@AngusMacNeilSNP","Scottish National Party","Na h-Eileanan an Iar",44055,3
"Angela Richardson","@AJRichardsonMP","Conservative","Guildford",13874,2
"Angela Rayner ","@AngelaRayner","Labour","Ashton-under-Lyne",495516,324
"Angela Eagle ","@angelaeagle","Labour","Wallasey",81300,78
"Angela Crawley ","@AngelaCrawley30","Scottish National Party","Lanark and Hamilton East",13917,-2
"Andy Slaughter ","@hammersmithandy","Labour","Hammersmith",25983,-1
"Andy McDonald ","@AndyMcDonaldMP","Labour","Middlesbrough",51200,9
"Andy Carter","@MrAndy_Carter","Conservative","Warrington South",6085,3
"Andrew Stephenson ","@Andrew4Pendle","Conservative","Pendle",25247,-2
"Andrew Selous ","@AndrewSelous","Conservative","South West Bedfordshire",21770,-3
"Andrew Rosindell ","@AndrewRosindell","Conservative","Romford",23234,0
"Andrew Lewer","@ALewerMBE","Conservative","Northampton South",5092,0
"Andrew Jones","@AJonesMP","Conservative","Harrogate and Knaresborough",15914,-1
"Andrew Gwynne ","@GwynneMP","Labour","Denton and Reddish",52141,5
"Andrew Griffith","@griffitha","Conservative","Arundel and South Downs",6409,-2
"Andrew Bridgen ","@ABridgen","Conservative","North West Leicestershire",42974,-3
"Andrew Bowie","@AndrewBowie_MP","Conservative","West Aberdeenshire and Kincardine",21719,1
"Andrea Leadsom ","@andrealeadsom","Conservative","South Northamptonshire",125038,3
"Andrea Jenkyns ","@andreajenkyns","Conservative","Morley and Outwood",61609,-8
"Amy Callaghan","@AmyCallaghanSNP","Scottish National Party","East Dunbartonshire",15569,-2
"Amanda Solloway ","@ASollowayUK","Conservative","Derby North",6218,-3
"Amanda Milling ","@amandamilling","Conservative","Cannock Chase",24518,20
"Alyn Smith","@AlynSmith","Scottish National Party","Stirling",46572,9
"Alun Cairns ","@AlunCairns","Conservative","Vale of Glamorgan",14078,-4
"Alok Sharma ","@AlokSharma_RDG","Conservative","Reading West",73077,6
"Allan Dorans","@allandoransMP","Scottish National Party","Ayr, Carrick and Cumnock",846,0
"Alistair Carmichael","@amcarmichaelMP","Liberal Democrat","Orkney and Shetland",24417,-1
"Alison Thewliss ","@alisonthewliss","Scottish National Party","Glasgow Central",31191,-3
"Alison McGovern ","@Alison_McGovern","Labour","Wirral South",56707,12
"Alicia Kearns","@aliciakearns","Conservative","Rutland and Melton",19106,77
"Alexander Stafford","@Alex_Stafford","Conservative","Rother Valley",7257,3
"Alex Sobel","@alexsobel","Labour","Leeds North West",25943,6
"Alex Norris","@AlexNorrisNN","Labour","Nottingham North",8493,0
"Alex Davies-Jones","@AlexDaviesJones","Labour","Pontypridd",9678,6
"Alex Cunningham ","@ACunninghamMP","Labour","Stockton North",23590,1
"Alex Chalk ","@AlexChalkChelt","Conservative","Cheltenham",14229,-2
"Alex Burghart","@alexburghart","Conservative","Brentwood and Ongar",6397,-3
"Alec Shelbrooke ","@AlecShelbrooke","Conservative","Elmet and Rothwell",16282,-2
"Alberto Costa ","@AlbertoCostaMP","Conservative","South Leicestershire",10908,2
"Alan Mak ","@AlanMakMP","Conservative","Havant",10559,-1
"Alan Campbell ","@alancampbellmp","Labour","Tynemouth",7525,1
"Alan Brown ","@AlanBrownSNP","Scottish National Party","Kilmarnock and Loudoun",12851,0
"Afzal Khan","@Afzal4Gorton","Labour","Manchester, Gorton",34041,8
"Adam Afriyie ","@AdamAfriyie","Conservative","Windsor",17504,-1
"Abena Oppong-Asare","@abenaopp","Labour","Erith and Thamesmead",18744,-3
"Aaron Bell","@AaronBell4NUL","Conservative","Newcastle-under-Lyme",6783,4